{"test_loss": [155.63832015025466, 136.167485973503, 127.52569966376582, 128.42891751060003, 110.82146956045416, 103.42106599445584, 97.10760749140873, 95.1817572871341, 91.93734847443014, 89.84641372101217, 90.12115053587323, 82.94815821587285, 82.72347042228603, 81.05753577510013, 85.06069622764105, 85.98865257939205, 84.386000476306, 83.97627470764932, 83.51479735555527, 89.69595283798024], "test_accuracy": [0.3759889240506329, 0.45658623417721517, 0.4921875, 0.508504746835443, 0.5705102848101266, 0.598496835443038, 0.6288568037974683, 0.639932753164557, 0.6578322784810127, 0.6644580696202531, 0.6703916139240507, 0.6990704113924051, 0.6958069620253164, 0.7066851265822784, 0.6992681962025317, 0.6961036392405063, 0.7086629746835443, 0.7171677215189873, 0.7159810126582279, 0.7100474683544303], "test_id_precision": [142.04226443133777, 203.9941062444373, 173.11403086215634, 193.32137655910057, 220.95873057691358, 204.2938993429836, 176.2382980539829, 201.05721775489516, 278.32991742484177, 274.1367330430429, 342.7238014317766, 355.0084516307976, 275.3437214139142, 276.53490766694273, 324.1710680225227, 294.0195662100104, 371.24208474461034, 326.0681899831265, 344.0560144352008, 361.78363519982446], "test_ood_precision": [13.548220018797283, 12.274474071550973, 11.767004109636138, 11.56556055817423, 11.246066467671454, 11.021883288516275, 10.815722960460034, 10.648920397215251, 10.519557216499425, 10.472431194933154, 10.472976189625415, 10.304722339292116, 10.221513711953465, 10.19916064829766, 10.156513926349108, 10.112228345267381, 10.068787067751341, 10.079286877113052, 10.045361386069768, 10.034507751464844], "test_auroc_mi": [1.0, 1.0, 1.0, 1.0, 1.0, 1.0, 1.0, 1.0, 1.0, 1.0, 1.0, 1.0, 1.0, 1.0, 1.0, 1.0, 1.0, 1.0, 1.0, 1.0], "test_auroc_de": [1.0, 1.0, 1.0, 1.0, 1.0, 1.0, 1.0, 1.0, 1.0, 1.0, 1.0, 1.0, 1.0, 1.0, 1.0, 1.0, 1.0, 1.0, 1.0, 1.0], "test_eval_steps": [391, 782, 1173, 1564, 1955, 2346, 2737, 3128, 3519, 3910, 4301, 4692, 5083, 5474, 5865, 6256, 6647, 7038, 7429, 7820]}