{"test_loss": [160.7027446891688, 139.03861294517034, 134.15909190117557, 117.80786277674422, 107.85072162483311, 109.78581199163123, 97.19303343567667, 93.40459558028209, 91.3351416286034, 90.82403226441974, 83.77408648140823, 79.53934618792957, 80.90327849569199, 81.65273912647102, 82.8011400729795, 83.2835234147084, 83.53794126872775, 80.5276620116415, 81.74807145323935, 84.8523920276497], "test_accuracy": [0.3505735759493671, 0.4372033227848101, 0.4693433544303797, 0.5334256329113924, 0.576443829113924, 0.585245253164557, 0.6283623417721519, 0.6426028481012658, 0.6532832278481012, 0.6626780063291139, 0.685818829113924, 0.7087618670886076, 0.707871835443038, 0.702432753164557, 0.7062895569620253, 0.706190664556962, 0.7155854430379747, 0.7261669303797469, 0.728935917721519, 0.721815664556962], "test_id_precision": [133.58072700983362, 171.78713197345976, 202.72058453137362, 177.2025834095629, 168.68642599371415, 334.2887225573576, 261.8033655866792, 239.29672163951247, 216.96831734572785, 276.98589469813095, 199.64361533635778, 285.31857222544994, 310.1803187116792, 248.27004927623122, 345.7996364545219, 340.0234726531596, 337.24793388270126, 286.64388497268095, 396.5852610914013, 419.88152071795884], "test_ood_precision": [13.588137868084486, 12.556880154187166, 12.11179000516481, 11.878112298023852, 11.590991092633598, 11.445406455027905, 11.222987018054045, 11.01520034934901, 10.87813746778271, 10.75091977662678, 10.657953841776788, 10.585724033886873, 10.536493216888815, 10.49432756930967, 10.345309957673278, 10.435847209978707, 10.284081169321567, 10.239635491672951, 10.21781679950183, 10.231120387210122], "test_auroc_mi": [1.0, 1.0, 1.0, 1.0, 1.0, 1.0, 1.0, 1.0, 1.0, 1.0, 1.0, 1.0, 1.0, 1.0, 1.0, 1.0, 1.0, 1.0, 1.0, 1.0], "test_auroc_de": [1.0, 1.0, 1.0, 1.0, 1.0, 1.0, 1.0, 1.0, 1.0, 1.0, 1.0, 1.0, 1.0, 1.0, 1.0, 1.0, 1.0, 1.0, 1.0, 1.0], "test_eval_steps": [391, 782, 1173, 1564, 1955, 2346, 2737, 3128, 3519, 3910, 4301, 4692, 5083, 5474, 5865, 6256, 6647, 7038, 7429, 7820]}