{"test_loss": [166.60828814929044, 140.08689127089102, 126.59696525863454, 117.04215761981433, 109.54147116745574, 101.17007707040521, 97.0512087858176, 88.46508634543117, 83.82135569898388, 89.0711103994635, 82.5431542215468, 75.17121727858918, 75.69062360932556, 74.88916097713422, 74.58036528961568, 72.30277508119994, 80.50545096095604, 74.72777277306665, 73.55988094474696, 79.4145285690887], "test_accuracy": [0.33633306962025317, 0.44600474683544306, 0.5157238924050633, 0.5535007911392406, 0.5808939873417721, 0.6170886075949367, 0.6442840189873418, 0.6636669303797469, 0.6909612341772152, 0.6730617088607594, 0.6930379746835443, 0.7295292721518988, 0.7291337025316456, 0.7406052215189873, 0.7337816455696202, 0.7479232594936709, 0.7283425632911392, 0.7511867088607594, 0.7519778481012658, 0.745253164556962], "test_id_precision": [114.24054891851884, 148.1995539604863, 222.9380375343033, 274.9308353858658, 220.7749266805528, 173.89163855057728, 279.62119920947885, 205.49616637410998, 256.17004297956635, 323.53552188148984, 231.02750348441208, 280.33820854863035, 328.71644727489615, 360.01885677289357, 224.10084514376484, 285.72585306288323, 401.58586989776995, 377.4937500772597, 277.45303982119015, 364.9416173621069], "test_ood_precision": [27.00271198417567, 19.858903764169426, 19.890327163889438, 16.22876476336129, 16.53852055947992, 13.700780759883832, 14.348065303850777, 12.186060820953756, 12.799922182590146, 12.803170505958267, 11.592462491385545, 12.529235151749623, 12.06765456139287, 11.252186594130118, 11.537685382215283, 10.58634477929224, 11.6209416691261, 10.924317106415954, 10.796280945403666, 10.709737548345252], "test_auroc_mi": [0.9551470599999999, 0.9773158400000002, 0.9868417, 0.9944817, 0.99321944, 0.99690489, 0.99665414, 0.99831478, 0.9975095500000001, 0.99779268, 0.9985559199999999, 0.99694384, 0.9981309, 0.99865855, 0.99791711, 0.99917589, 0.9982170300000001, 0.9988607, 0.99852305, 0.9989888100000001], "test_auroc_de": [0.9390366000000001, 0.97097118, 0.9816246399999999, 0.9930593000000001, 0.991039, 0.99593805, 0.9959335500000001, 0.9980060900000001, 0.9967531199999999, 0.9971834700000001, 0.9983241799999999, 0.9960768600000001, 0.99774468, 0.9984522100000001, 0.99756439, 0.99904521, 0.99812154, 0.99870462, 0.99834789, 0.99885696], "test_eval_steps": [391, 782, 1173, 1564, 1955, 2346, 2737, 3128, 3519, 3910, 4301, 4692, 5083, 5474, 5865, 6256, 6647, 7038, 7429, 7820]}