{"test_loss": [159.7273704432234, 138.6429941684385, 129.05997409096247, 125.91411300852329, 112.00676679007614, 101.1583211391787, 95.8083206369907, 96.6501606808433, 88.40170630925819, 86.37214337119573, 82.84634631193137, 80.23480268067951, 80.29917057858238, 80.15252869038642, 78.82255443138412, 79.75252629533598, 83.45490298693693, 83.0872195280051, 85.39065783536887, 83.54313379601587], "test_accuracy": [0.3536392405063291, 0.4377966772151899, 0.4819026898734177, 0.5025712025316456, 0.5700158227848101, 0.6059137658227848, 0.6365704113924051, 0.6370648734177216, 0.6652492088607594, 0.6774129746835443, 0.6956091772151899, 0.7064873417721519, 0.702432753164557, 0.711629746835443, 0.7179588607594937, 0.7201344936708861, 0.7137064873417721, 0.7190466772151899, 0.7117286392405063, 0.7228045886075949], "test_id_precision": [149.84990363784982, 148.80420095709306, 165.99820110465907, 180.38095652906202, 220.44303082816208, 223.24237466160255, 288.4132922208762, 325.19713776021064, 212.9777171460888, 254.5956700964819, 210.5409893567049, 342.5224574608139, 248.37459709070905, 314.00542111940024, 255.6271447290348, 303.86432638047614, 346.59927522683444, 372.74423352977897, 296.6308292437203, 312.80448198922073], "test_ood_precision": [14.454528144643277, 12.474915009510669, 12.134222356578972, 11.693352421627768, 11.409985240501694, 11.10355217849152, 10.98195453836948, 10.838136443608924, 10.676681494411033, 10.568549856354919, 10.480466637430311, 10.404137732107428, 10.278194198125526, 10.27725044685074, 10.219768017153196, 10.16232252724563, 10.12038686003866, 10.132124538663067, 10.136745054510575, 10.128158943562568], "test_auroc_mi": [1.0, 1.0, 1.0, 1.0, 1.0, 1.0, 1.0, 1.0, 1.0, 1.0, 1.0, 1.0, 1.0, 1.0, 1.0, 1.0, 1.0, 1.0, 1.0, 1.0], "test_auroc_de": [0.99999972, 1.0, 1.0, 1.0, 1.0, 1.0, 1.0, 1.0, 1.0, 1.0, 1.0, 1.0, 1.0, 1.0, 1.0, 1.0, 1.0, 1.0, 1.0, 1.0], "test_eval_steps": [391, 782, 1173, 1564, 1955, 2346, 2737, 3128, 3519, 3910, 4301, 4692, 5083, 5474, 5865, 6256, 6647, 7038, 7429, 7820]}