{"test_loss": [162.44202954256082, 144.8909238018567, 126.40281831765476, 116.6777336989777, 109.19598572163642, 103.34335317490977, 93.40096350561214, 88.56808297845382, 88.64370090146608, 83.47958745835703, 79.51187331767022, 78.07865031761459, 82.60847144790843, 74.41137729113615, 74.75707177270817, 73.77345459370673, 80.82890068730221, 72.1926451091525, 74.16222806520099, 73.96036138413828], "test_accuracy": [0.3462223101265823, 0.4302808544303797, 0.5086036392405063, 0.5589398734177216, 0.5821795886075949, 0.6053204113924051, 0.6476463607594937, 0.6687104430379747, 0.6707871835443038, 0.6890822784810127, 0.7053006329113924, 0.707871835443038, 0.7123219936708861, 0.7293314873417721, 0.732693829113924, 0.7470332278481012, 0.7193433544303798, 0.7451542721518988, 0.7468354430379747, 0.7465387658227848], "test_id_precision": [103.27076180373567, 257.87048513678053, 190.03895626792425, 178.64058173457278, 140.9570891947686, 244.6036525678031, 269.2977441715289, 252.6509928642949, 276.3445977319645, 240.60762757892851, 230.88158078736896, 215.2535265186165, 448.3314545064033, 239.58476489103293, 329.2912638217588, 300.7616076891935, 317.2849783595604, 237.93831122676028, 270.4669187521633, 229.0671278555182], "test_ood_precision": [26.940739885161193, 23.406563867496537, 18.207760605630995, 16.22860117803646, 14.211718969707247, 14.85620478135121, 13.255994893327545, 12.708960702147666, 11.870864530152913, 13.49708738206308, 11.659735860703867, 11.303519792194608, 12.08654296247265, 11.453711594207377, 11.194997340817995, 11.096561938901491, 12.005093924606903, 11.449415641494944, 10.676896288425107, 10.904615426365334], "test_auroc_mi": [0.9529964400000001, 0.9772310099999999, 0.98636066, 0.99393788, 0.9970854000000001, 0.99684367, 0.99790288, 0.9985048, 0.99876152, 0.9964234299999999, 0.9981160800000001, 0.9981586800000001, 0.99834221, 0.9985320099999999, 0.99850275, 0.9982725299999999, 0.9963023399999998, 0.9968356300000001, 0.9986935100000001, 0.99788528], "test_auroc_de": [0.9323766199999999, 0.9701750299999998, 0.98256958, 0.9915888700000002, 0.99591097, 0.9954000500000001, 0.99722901, 0.9979543199999998, 0.99844191, 0.99541719, 0.9974566, 0.9976112400000001, 0.99801765, 0.99826033, 0.9981261100000001, 0.99795616, 0.99577719, 0.99663301, 0.99854422, 0.9976615600000001], "test_eval_steps": [391, 782, 1173, 1564, 1955, 2346, 2737, 3128, 3519, 3910, 4301, 4692, 5083, 5474, 5865, 6256, 6647, 7038, 7429, 7820]}