{"test_loss": [159.7963915474807, 140.01166901407362, 126.32784821715536, 116.91085255296925, 109.39314617688143, 102.8695681608176, 96.34409341932852, 94.64991682994214, 93.93847994261151, 87.43127451063711, 84.62467010111749, 87.62025567549694, 82.51876888999456, 84.6697249593614, 79.80311014682432, 80.96425488628918, 83.83297594287727, 81.76294862771336, 89.85484709920762, 84.3498292753968], "test_accuracy": [0.36194620253164556, 0.4392800632911392, 0.501681170886076, 0.5494462025316456, 0.5739715189873418, 0.6002768987341772, 0.6345925632911392, 0.6451740506329114, 0.6487341772151899, 0.6736550632911392, 0.6785996835443038, 0.6810719936708861, 0.6964003164556962, 0.6956091772151899, 0.7080696202531646, 0.7179588607594937, 0.7017405063291139, 0.7164754746835443, 0.6999604430379747, 0.7223101265822784], "test_id_precision": [117.85179978382739, 136.2348125795775, 126.65686672548705, 157.54112156735192, 211.84618908845925, 234.92722697197635, 287.673125254957, 313.3060876387584, 291.84417879128756, 400.9073297041881, 219.75794519352007, 348.8530901172493, 240.25895285304588, 350.77940098243425, 195.2238452766515, 425.7758537968503, 291.19691795638846, 328.1674217513845, 397.2808555892751, 345.31775945349585], "test_ood_precision": [13.700862751731389, 12.557399061661732, 12.074097536787201, 11.611900740031954, 11.350766544100605, 11.06856635854214, 11.040401977828786, 10.796215974831883, 10.73938533927821, 10.569133299815503, 10.45042730886725, 10.38941185383857, 10.26571487475045, 10.29431934598126, 10.1813108226921, 10.159502343286443, 10.126957217349283, 10.09957940065408, 10.063028383858596, 10.064299450644963], "test_auroc_mi": [1.0, 1.0, 1.0, 1.0, 1.0, 1.0, 1.0, 1.0, 1.0, 1.0, 1.0, 1.0, 1.0, 1.0, 1.0, 1.0, 1.0, 1.0, 1.0, 1.0], "test_auroc_de": [0.99999995, 1.0, 1.0, 1.0, 1.0, 1.0, 1.0, 1.0, 1.0, 1.0, 1.0, 1.0, 1.0, 1.0, 1.0, 1.0, 1.0, 1.0, 1.0, 1.0], "test_eval_steps": [391, 782, 1173, 1564, 1955, 2346, 2737, 3128, 3519, 3910, 4301, 4692, 5083, 5474, 5865, 6256, 6647, 7038, 7429, 7820]}