{"test_loss": [172.4531101275094, 137.8482086567939, 129.1596442113949, 116.92266044133827, 107.84522981281522, 101.87282320819324, 98.27109488958045, 95.20608520507812, 91.86915627008752, 88.07989386063588, 85.54410562635977, 85.12056452111352, 86.49612166006354, 82.0192938213107, 83.0704919356334, 82.0143158828156, 83.69818511190293, 93.42113446585739, 87.8664098812055, 87.04279110099696], "test_accuracy": [0.3269382911392405, 0.44026898734177217, 0.49564873417721517, 0.5391613924050633, 0.5795094936708861, 0.6078916139240507, 0.629746835443038, 0.6384493670886076, 0.6587223101265823, 0.6710838607594937, 0.6831487341772152, 0.6914556962025317, 0.6906645569620253, 0.7041139240506329, 0.7065862341772152, 0.7186511075949367, 0.7087618670886076, 0.689873417721519, 0.7034216772151899, 0.7173655063291139], "test_id_precision": [164.7021895782857, 180.41093618658525, 245.3686179631873, 179.79322254808642, 160.63978277278852, 303.9500492916832, 247.5984609096865, 234.39868183377422, 298.95230450207674, 279.8377052017405, 248.37294798259492, 339.19259759444225, 360.73791542536094, 239.50166610524624, 412.74673152875295, 368.95046398307704, 219.28840926930874, 395.97023299977747, 309.9500477464893, 365.1876632110982], "test_ood_precision": [14.150284115272232, 12.64827827260464, 12.367011058179639, 11.81142028374008, 11.54109290883511, 11.523352936853337, 11.256965045687519, 11.244114066981062, 11.058062468902975, 10.861005300207983, 10.82223429860948, 10.684379577636719, 10.661598917804186, 10.483215440677691, 10.420268336428872, 10.381359027910836, 10.329594044745724, 10.26345029661927, 10.206428407113764, 10.180969008916541], "test_auroc_mi": [1.0, 1.0, 1.0, 1.0, 1.0, 1.0, 1.0, 1.0, 1.0, 1.0, 1.0, 1.0, 1.0, 1.0, 1.0, 1.0, 1.0, 1.0, 1.0, 1.0], "test_auroc_de": [0.99999794, 1.0, 1.0, 1.0, 1.0, 1.0, 1.0, 1.0, 1.0, 1.0, 1.0, 1.0, 1.0, 1.0, 1.0, 1.0, 1.0, 1.0, 1.0, 1.0], "test_eval_steps": [391, 782, 1173, 1564, 1955, 2346, 2737, 3128, 3519, 3910, 4301, 4692, 5083, 5474, 5865, 6256, 6647, 7038, 7429, 7820]}