{"test_loss": [156.77955569496638, 138.0590018743201, 130.03334769719763, 115.14484173738504, 104.56447639948205, 102.24388209475747, 90.21738549727428, 88.52359723441208, 83.25802931000915, 80.99189299571363, 81.29950694796405, 76.56889188742336, 74.58926029446759, 72.65973624700233, 73.01987916004809, 73.67987422701678, 79.92331700385371, 69.95650902277306, 80.00245024282721, 73.58871348900131], "test_accuracy": [0.36283623417721517, 0.458564082278481, 0.4979232594936709, 0.5610166139240507, 0.6042325949367089, 0.6125395569620253, 0.6591178797468354, 0.6677215189873418, 0.6917523734177216, 0.7015427215189873, 0.7041139240506329, 0.724189082278481, 0.7349683544303798, 0.7426819620253164, 0.7385284810126582, 0.7466376582278481, 0.7294303797468354, 0.7578125, 0.732693829113924, 0.7499011075949367], "test_id_precision": [169.05883064752894, 152.2197226029408, 145.8982022442395, 168.15028052993966, 236.97721978682506, 388.3304619125173, 211.77759001526653, 219.51114799402936, 245.81043929087966, 289.7672725629203, 285.36504856544207, 291.84753514543365, 434.65908967995944, 335.9879413073576, 355.32676774037037, 326.60443791256677, 334.29499507855763, 204.28865669347064, 287.50594281546677, 242.97095711623567], "test_ood_precision": [25.171693101713927, 21.497172923027716, 16.305472784404515, 15.550035042098806, 15.687256028380576, 15.40450837340536, 13.052706996096841, 13.519254986243912, 12.583555112911176, 12.498480205294452, 11.673753122740154, 12.47513650338861, 11.678205176244807, 11.808095135266267, 12.135674561126322, 11.391246892228912, 11.311370487454571, 10.47317679924301, 10.982830252828478, 10.965590742569935], "test_auroc_mi": [0.9671560699999999, 0.9766828900000001, 0.9910865700000001, 0.9947457900000001, 0.9957499899999999, 0.9965444, 0.9973128800000002, 0.99704708, 0.99772996, 0.9976626100000001, 0.9986858700000001, 0.9976861899999999, 0.99842976, 0.9979363400000001, 0.9979982900000001, 0.9981497699999999, 0.9976440700000001, 0.99887197, 0.9980507599999999, 0.9981116400000001], "test_auroc_de": [0.9521164900000001, 0.97050909, 0.98938935, 0.99313887, 0.9946827099999999, 0.9956875400000001, 0.9965358999999999, 0.99616287, 0.99712191, 0.99713832, 0.99830389, 0.99726466, 0.9982459, 0.9976108899999999, 0.99765798, 0.99791958, 0.99744926, 0.9987978499999999, 0.99793227, 0.99800909], "test_eval_steps": [391, 782, 1173, 1564, 1955, 2346, 2737, 3128, 3519, 3910, 4301, 4692, 5083, 5474, 5865, 6256, 6647, 7038, 7429, 7820]}