{"test_loss": [162.50381875339943, 137.96032454092293, 127.78772484501705, 123.66088075275663, 109.84555275832551, 103.63065454024303, 96.15668728985364, 94.06586465956289, 91.68088038963607, 88.41255979900119, 86.2768716932852, 84.22974091541919, 82.77103897287876, 82.63952182818063, 82.48662074608139, 89.45993891848794, 96.08869509153729, 89.07866021651256, 89.81477998178217, 87.47040441971791], "test_accuracy": [0.3587816455696203, 0.4508504746835443, 0.4946598101265823, 0.5254153481012658, 0.5805973101265823, 0.6015625, 0.635878164556962, 0.6451740506329114, 0.6510087025316456, 0.6696004746835443, 0.6768196202531646, 0.698378164556962, 0.6968947784810127, 0.7045094936708861, 0.7104430379746836, 0.6954113924050633, 0.6823575949367089, 0.7141020569620253, 0.7072784810126582, 0.7191455696202531], "test_id_precision": [187.83247597609895, 134.70774580557136, 182.80151714856112, 191.02294091333317, 248.25193187858486, 237.93152570120895, 230.59027118924297, 264.40823229053353, 279.27279160897945, 203.1118894166584, 254.5947084064725, 435.6511454521855, 259.04987692531154, 304.01581911497476, 281.9462081329732, 353.90677903573726, 364.4294530168364, 585.267619458935, 362.70198155656647, 336.71596536757073], "test_ood_precision": [14.89893721326997, 12.219964377487763, 11.917031988312926, 11.434131103225901, 11.371007955527004, 11.059871504578409, 10.853517327127577, 10.744359402716915, 10.594375670710697, 10.49200969406321, 10.429067841059044, 10.394614340383795, 10.358907313286503, 10.267999021312859, 10.267838598806646, 10.133558961409557, 10.19613984264905, 10.19975170908095, 10.123327194889889, 10.088152849221531], "test_auroc_mi": [1.0, 1.0, 1.0, 1.0, 1.0, 1.0, 1.0, 1.0, 1.0, 1.0, 1.0, 1.0, 1.0, 1.0, 1.0, 1.0, 1.0, 1.0, 1.0, 1.0], "test_auroc_de": [0.99999815, 1.0, 1.0, 1.0, 1.0, 1.0, 1.0, 1.0, 1.0, 1.0, 1.0, 1.0, 1.0, 1.0, 1.0, 1.0, 1.0, 1.0, 1.0, 1.0], "test_eval_steps": [391, 782, 1173, 1564, 1955, 2346, 2737, 3128, 3519, 3910, 4301, 4692, 5083, 5474, 5865, 6256, 6647, 7038, 7429, 7820]}