{"test_loss": [159.9826903524278, 138.47321416154693, 125.9459478643876, 116.75764243210418, 110.01946326147151, 100.72944380361822, 100.39663551427141, 98.14062393767924, 88.15817849847335, 86.39487239982509, 84.79327267031127, 77.90336850323254, 76.17412678199479, 85.77065180524995, 74.81789890723893, 77.88874565800533, 76.10977366000792, 76.41019816338262, 81.36639322208453, 80.60372683368152], "test_accuracy": [0.3580893987341772, 0.46281645569620256, 0.5197784810126582, 0.5535996835443038, 0.5834651898734177, 0.6150118670886076, 0.6253955696202531, 0.6356803797468354, 0.6719738924050633, 0.6814675632911392, 0.6911590189873418, 0.7177610759493671, 0.7238924050632911, 0.700059335443038, 0.733682753164557, 0.7302215189873418, 0.7406052215189873, 0.7451542721518988, 0.7323971518987342, 0.7356606012658228], "test_id_precision": [121.81591584410849, 177.59147953081734, 172.41655750516094, 255.24569064755983, 285.65961176232446, 187.873738735537, 206.41232222544997, 197.98421024370796, 246.98254761514784, 274.0404937357842, 278.6301605610908, 266.9057126588459, 211.4504711295985, 411.2480090177512, 280.8323124752769, 324.87171723571004, 247.27558609201938, 365.09908864467957, 344.41647647905955, 326.3345390995847], "test_ood_precision": [26.648701559139205, 22.0480255416677, 20.23944287360469, 18.28654339947278, 15.699354075178315, 15.566668486293358, 15.249673964102056, 13.957073658327513, 12.50930644892439, 12.449332261387307, 12.458007365842409, 12.43696647354319, 11.3968505859375, 12.885142338426807, 11.296910491170763, 11.578830622419526, 11.115519414974164, 11.700255212904532, 11.494701808011985, 11.700006992002077], "test_auroc_mi": [0.9475258, 0.9679537999999999, 0.9797863099999999, 0.9894297, 0.99553701, 0.99292358, 0.9936235600000001, 0.9960680499999999, 0.9976663, 0.99790543, 0.9976355600000001, 0.99714642, 0.99810328, 0.9968998699999999, 0.99817104, 0.99816142, 0.99784704, 0.99768842, 0.9978988000000001, 0.9971604500000002], "test_auroc_de": [0.92747995, 0.958065, 0.9750538700000001, 0.9865826400000001, 0.9946137799999999, 0.99059027, 0.99105677, 0.994289, 0.9967362000000001, 0.9970174100000001, 0.9970098900000001, 0.9962841099999998, 0.9975799000000001, 0.9960788200000001, 0.99782061, 0.9978429400000001, 0.9975000000000002, 0.99735441, 0.9975100600000001, 0.9967114999999999], "test_eval_steps": [391, 782, 1173, 1564, 1955, 2346, 2737, 3128, 3519, 3910, 4301, 4692, 5083, 5474, 5865, 6256, 6647, 7038, 7429, 7820]}