{"test_loss": [166.03923478911196, 143.78916332389736, 133.62114792835862, 129.67383092566382, 110.59289917764785, 107.3253011582773, 100.27456694011447, 107.1316207692593, 92.83062879345086, 92.05139256730864, 87.02350606797617, 86.52814995488033, 85.59234223184707, 84.02104785774327, 85.83155740665484, 80.7560326781454, 81.7254024457328, 93.29893768889994, 82.91632775415349, 82.84224623668042], "test_accuracy": [0.3521558544303797, 0.4494659810126582, 0.5034612341772152, 0.536689082278481, 0.6060126582278481, 0.6224287974683544, 0.6500197784810127, 0.6396360759493671, 0.6869066455696202, 0.6800830696202531, 0.711629746835443, 0.7107397151898734, 0.7174643987341772, 0.7267602848101266, 0.7305181962025317, 0.7458465189873418, 0.7396162974683544, 0.7139042721518988, 0.7419897151898734, 0.7426819620253164], "test_id_precision": [62.70232502418229, 83.75342839880835, 100.2341558722001, 133.32339574113678, 116.0704710755167, 129.7923893023141, 164.01238965384567, 246.20556196381773, 130.9181076242954, 161.0164922400366, 221.377314700356, 164.7841129544415, 195.0052563631082, 173.3073992185955, 270.0042469652393, 213.78947844686388, 191.99188415913642, 243.9133484273017, 200.64469832408278, 177.21676220471346], "test_ood_precision": [54.94234848022461, 56.9909937894797, 52.13002588779111, 63.61255993420565, 49.161997251872776, 51.677655570114716, 56.113463389722604, 72.7569877045064, 41.3108132760736, 45.40425027774859, 54.772096513192864, 42.251522595369366, 48.909749188000646, 44.78182225287715, 54.29178078566925, 50.45335214349288, 45.53806488423408, 54.4513087695158, 45.45289148258257, 39.645082497898535], "test_auroc_mi": [0.57616728, 0.66069143, 0.7069779700000001, 0.7060702399999998, 0.75613621, 0.76157792, 0.77153866, 0.74720414, 0.79871741, 0.79822911, 0.8084573, 0.8168090700000001, 0.81291103, 0.8210857, 0.82350486, 0.8320758800000001, 0.82230669, 0.80016711, 0.8231817099999998, 0.8247095600000001], "test_auroc_de": [0.5843210099999999, 0.6658552, 0.70558743, 0.70250373, 0.7556099199999999, 0.7617009899999999, 0.77184323, 0.74655395, 0.7939897, 0.7985892, 0.80703041, 0.81397101, 0.8105321199999999, 0.8180685299999999, 0.8209432799999999, 0.8309594499999999, 0.8222168599999999, 0.79806617, 0.82175272, 0.8223904500000001], "test_eval_steps": [391, 782, 1173, 1564, 1955, 2346, 2737, 3128, 3519, 3910, 4301, 4692, 5083, 5474, 5865, 6256, 6647, 7038, 7429, 7820]}