{"test_loss": [164.91830637485165, 144.78883207297022, 139.27600792993474, 121.81734225116199, 119.26660349399229, 112.57173967965042, 111.55229988581017, 101.54450274117386, 95.25795234004154, 90.92577535894853, 92.67765083795861, 89.26877169065838, 86.45415516141095, 87.72134360784217, 83.62461534331116, 86.02000581765476, 85.87460583071166, 87.79045549223694, 87.45701058303254, 87.79781370525119], "test_accuracy": [0.3431566455696203, 0.45895965189873417, 0.4861550632911392, 0.5521162974683544, 0.5771360759493671, 0.6009691455696202, 0.6106606012658228, 0.6470530063291139, 0.6792919303797469, 0.692246835443038, 0.6917523734177216, 0.7021360759493671, 0.7166732594936709, 0.7188488924050633, 0.7317049050632911, 0.7242879746835443, 0.7286392405063291, 0.7345727848101266, 0.7305181962025317, 0.7370450949367089], "test_id_precision": [76.87332013287121, 84.46464461314527, 114.32578461079657, 113.23484821561017, 132.69670153267776, 116.42147276673136, 141.386028144933, 100.4116952630538, 146.33337614807903, 188.94067575961728, 212.6294484198848, 167.00671473635902, 196.5936629862725, 231.77711486816406, 173.8384496954423, 218.11256041707873, 218.77563978750496, 267.2134314428402, 241.24409233769285, 242.05512015427215], "test_ood_precision": [62.69215209574639, 53.46748593487317, 70.13169194475005, 54.3584705787369, 60.58951051929329, 53.52070265178439, 56.464361504663394, 37.1955124335953, 42.85919566094121, 49.30468474762349, 50.770545331737665, 44.39072712765464, 47.28987305073799, 50.43437286570102, 44.064236266703546, 48.95324156555948, 45.11147501498838, 51.5408942307098, 47.7612419128418, 45.07452093196821], "test_auroc_mi": [0.5998371, 0.67021471, 0.6628269, 0.7164657, 0.72775126, 0.7399498800000001, 0.7524316100000001, 0.7778571300000001, 0.7931001599999999, 0.79737626, 0.7997895399999999, 0.8113769599999998, 0.81664154, 0.81111459, 0.81401592, 0.8167646100000001, 0.8158158600000001, 0.81262664, 0.8134892799999999, 0.8188001600000001], "test_auroc_de": [0.6056306, 0.67253098, 0.66258843, 0.71583094, 0.7283674600000001, 0.7401760900000001, 0.75462837, 0.77112996, 0.7880005, 0.79500186, 0.7945811, 0.80927043, 0.81321013, 0.80770298, 0.81321086, 0.8156273900000001, 0.81420354, 0.8112319400000001, 0.81259103, 0.81728115], "test_eval_steps": [391, 782, 1173, 1564, 1955, 2346, 2737, 3128, 3519, 3910, 4301, 4692, 5083, 5474, 5865, 6256, 6647, 7038, 7429, 7820]}