{"test_loss": [157.87406554403185, 139.22704769086235, 124.62972307808792, 118.92854318739492, 108.97669181340858, 98.84682136245921, 98.27058681053451, 93.54488198968428, 87.88086362428302, 83.89445722555813, 84.53788390340684, 79.1744330683841, 79.74645102778568, 75.4536901063557, 75.64289295824268, 74.08193602743027, 74.89352359047419, 77.42827751063093, 79.28113502792165, 78.78307612938217], "test_accuracy": [0.3682753164556962, 0.4573773734177215, 0.5221518987341772, 0.5524129746835443, 0.5928599683544303, 0.6276700949367089, 0.6415150316455697, 0.650118670886076, 0.6768196202531646, 0.6966969936708861, 0.6934335443037974, 0.7100474683544303, 0.7142998417721519, 0.7314082278481012, 0.7380340189873418, 0.7331882911392406, 0.7380340189873418, 0.7357594936708861, 0.7315071202531646, 0.7412974683544303], "test_id_precision": [140.3261616380909, 185.44574708576445, 170.47087860107422, 196.70745868924297, 273.0095639772053, 259.2457003050213, 311.67249037344243, 216.30826771410204, 240.04707201221322, 397.7440197135829, 203.46041174779964, 281.2844475854801, 258.3518504854999, 242.60754819459552, 310.34706405446497, 234.02320533462716, 304.8324849575381, 358.9975649676745, 308.3130948996242, 407.4120952751063], "test_ood_precision": [27.469515450393097, 24.368297432042375, 18.457887649536133, 16.123881786684446, 16.2382871531233, 13.993987095506885, 16.0828811911088, 13.159897092022474, 12.418432090855852, 12.81752045546906, 12.645242147807833, 11.5981647636317, 11.729724582237534, 10.91505214836024, 11.980346402035483, 11.230722294578069, 10.819381991519204, 11.325142051600203, 10.579274756998956, 11.408939880660817], "test_auroc_mi": [0.9545133899999999, 0.96744244, 0.983719, 0.9926900599999999, 0.9958353100000001, 0.9970813500000001, 0.99559507, 0.9970997, 0.99778635, 0.99766871, 0.99691731, 0.9984764899999999, 0.9980986700000001, 0.99876528, 0.99805438, 0.99804223, 0.9986654699999999, 0.99812122, 0.9989407499999999, 0.99804031], "test_auroc_de": [0.93325224, 0.9570244499999999, 0.98035739, 0.9900122299999999, 0.99446459, 0.9962168399999999, 0.9937108900000001, 0.9959026700000002, 0.9968902, 0.99701752, 0.9959731700000001, 0.99791814, 0.9974754, 0.998436, 0.9976339999999999, 0.99753871, 0.99837963, 0.9976965700000001, 0.99865865, 0.9976921599999999], "test_eval_steps": [391, 782, 1173, 1564, 1955, 2346, 2737, 3128, 3519, 3910, 4301, 4692, 5083, 5474, 5865, 6256, 6647, 7038, 7429, 7820]}