{"test_loss": [164.79910587359078, 150.44796057592464, 135.39132236529, 119.18296302119388, 111.03815151166312, 107.84894523137733, 103.93177264249778, 103.58501569530632, 97.57470133334776, 92.13538606860969, 92.8526072441777, 90.56380337099486, 84.86020443107509, 84.50875120525119, 87.16404019126409, 84.72698303415805, 84.1333959072451, 87.62699967396411, 91.38006688371489, 91.89537840251681], "test_accuracy": [0.35532041139240506, 0.4305775316455696, 0.4979232594936709, 0.5709058544303798, 0.6050237341772152, 0.6201542721518988, 0.6402294303797469, 0.6446795886075949, 0.6691060126582279, 0.6875988924050633, 0.6807753164556962, 0.6955102848101266, 0.7209256329113924, 0.7286392405063291, 0.720431170886076, 0.7280458860759493, 0.7366495253164557, 0.7280458860759493, 0.7220134493670886, 0.7325949367088608], "test_id_precision": [87.52300716351859, 100.30401707902739, 118.30254499218132, 98.19159428077408, 127.00844487057456, 168.37922755374183, 152.00337055061436, 214.17360368559633, 196.91563029228885, 152.84044212631034, 164.23963551581662, 206.41010912158822, 177.40199559851538, 204.3786310123492, 225.95475517948972, 177.73108103305478, 201.60528970066505, 217.77575403527368, 237.69378217866148, 264.27952594998516], "test_ood_precision": [70.22766272629363, 56.53438891640192, 62.97933964789668, 47.354465436331836, 51.03550710557382, 53.62250040754487, 53.062963751297964, 63.02929586096655, 50.558350913132294, 43.37146725232088, 48.39661533017702, 49.510855807533744, 41.49138428893271, 49.21768449228021, 45.93712306928031, 38.74065674407573, 43.31293173681332, 46.438937561421454, 50.99170544781262, 54.92455465582353], "test_auroc_mi": [0.5958171, 0.66390614, 0.68921329, 0.72580561, 0.75044628, 0.76148019, 0.75776285, 0.76241757, 0.7837785700000001, 0.79805324, 0.78890976, 0.80553648, 0.81726187, 0.8065301599999999, 0.81680041, 0.8207864999999999, 0.81860871, 0.81310859, 0.79466952, 0.798465], "test_auroc_de": [0.60119554, 0.66208244, 0.6882252, 0.72541399, 0.74686933, 0.7575246999999999, 0.7571019700000001, 0.76436408, 0.78155471, 0.79450741, 0.78988513, 0.8038657799999999, 0.8129763300000001, 0.80679396, 0.8144389, 0.8180564500000002, 0.81709347, 0.81149476, 0.79564078, 0.7985425500000001], "test_eval_steps": [391, 782, 1173, 1564, 1955, 2346, 2737, 3128, 3519, 3910, 4301, 4692, 5083, 5474, 5865, 6256, 6647, 7038, 7429, 7820]}