{"test_loss": [167.01357549353492, 144.4030518350722, 129.39809379094763, 125.11428446709355, 115.00533864467958, 105.6357044268258, 99.12825784803945, 96.76469720768023, 91.45395443107509, 89.48276886758926, 84.51088072378424, 81.88902514493918, 82.19104583353936, 81.52342827712434, 81.7036119292054, 80.1215273700183, 80.94348704664013, 81.15932566002954, 81.74788192555874, 84.20293807983398], "test_accuracy": [0.3571004746835443, 0.45935522151898733, 0.528876582278481, 0.5513251582278481, 0.5970134493670886, 0.6278678797468354, 0.6590189873417721, 0.6696004746835443, 0.6927412974683544, 0.6963014240506329, 0.7233979430379747, 0.7300237341772152, 0.7321004746835443, 0.7388251582278481, 0.7401107594936709, 0.7533623417721519, 0.7486155063291139, 0.7487143987341772, 0.7514833860759493, 0.744560917721519], "test_id_precision": [69.46355211282078, 89.50061054471173, 104.61149114294898, 101.32699372496786, 155.89994377425955, 130.37339917919303, 176.21748844581313, 142.84623042239417, 155.2947466886496, 179.34853865225105, 167.09281815154642, 147.70235665236848, 165.51327147664904, 202.8889152430281, 229.19169172455992, 286.45143745518936, 252.31628611117978, 230.83823153338855, 232.2745177836358, 224.34615779828422], "test_ood_precision": [59.37223193011707, 57.87925126280966, 55.80607595323007, 53.6050775745247, 58.25116232377064, 51.35908542101896, 55.26131221916102, 43.8452850052073, 43.67726656756824, 50.42936991438081, 44.403864945037455, 41.653203795227824, 42.222391200970996, 46.98111980776243, 48.28013485292845, 54.53011587601674, 47.31962213636954, 42.77605776243572, 42.262854998624775, 46.480990784077704], "test_auroc_mi": [0.5902513999999999, 0.66806691, 0.69523963, 0.70282002, 0.7477460300000001, 0.7592742600000002, 0.77714954, 0.78785624, 0.8033075300000001, 0.8005265500000001, 0.81412705, 0.81649276, 0.8208316099999999, 0.82056714, 0.8274153200000001, 0.8245345100000001, 0.8301635300000001, 0.83410859, 0.8358640799999999, 0.81964288], "test_auroc_de": [0.5971256899999999, 0.6727640800000001, 0.6963609799999999, 0.70594054, 0.74207052, 0.7593308599999999, 0.7746362099999999, 0.7797222800000001, 0.80023883, 0.79909647, 0.8133226799999999, 0.8151007400000001, 0.8194943699999999, 0.82045016, 0.82481131, 0.8239388599999999, 0.82950219, 0.8321455699999999, 0.83424122, 0.8200475800000001], "test_eval_steps": [391, 782, 1173, 1564, 1955, 2346, 2737, 3128, 3519, 3910, 4301, 4692, 5083, 5474, 5865, 6256, 6647, 7038, 7429, 7820]}