{"test_loss": [163.35128900069225, 140.3769173923927, 131.1966708219504, 122.11306695093083, 108.96063377283797, 110.88112534148783, 98.69726890853688, 93.85099831110314, 90.83513863479035, 85.74066162109375, 86.05154679696771, 84.82714505738849, 84.87068620512757, 81.16029512429539, 81.13579704188093, 82.89846096763128, 82.66218026076692, 81.64218878444237, 85.8088487069818, 83.6348808868022], "test_accuracy": [0.3750988924050633, 0.4664754746835443, 0.521756329113924, 0.5533030063291139, 0.6126384493670886, 0.6131329113924051, 0.6556566455696202, 0.6801819620253164, 0.6911590189873418, 0.7167721518987342, 0.714003164556962, 0.7228045886075949, 0.723496835443038, 0.7395174050632911, 0.7388251582278481, 0.7381329113924051, 0.7441653481012658, 0.7508900316455697, 0.7382318037974683, 0.7425830696202531], "test_id_precision": [60.292334882518915, 83.6126284538945, 132.38325239736824, 138.2371494920948, 173.26008065139192, 156.52038873600054, 143.9717694053167, 168.40004363241076, 149.52705064604555, 161.66617497311364, 170.63520919220358, 205.79193800914138, 183.0873754960072, 224.542995790892, 186.6668545686746, 233.60474135000496, 224.05354965789408, 222.81647346593158, 253.7048919291436, 177.58895265603368], "test_ood_precision": [50.433286256428005, 55.26803931707068, 61.583089514623715, 56.65576200847384, 54.78647053392628, 63.49040825759308, 43.62436593936968, 48.07616941234733, 44.70329550248158, 42.24094709565368, 46.48278398151639, 46.09603524509865, 49.811831413945065, 48.09123514875581, 41.38987799535824, 46.729516089717045, 46.067185655424865, 40.881690085688724, 45.475493515594096, 36.0578219015387], "test_auroc_mi": [0.61065222, 0.65946187, 0.70671555, 0.72588185, 0.7605586000000001, 0.7431504, 0.78711284, 0.7941395699999999, 0.79742738, 0.81233479, 0.8062681799999999, 0.8206990000000001, 0.8024897799999999, 0.8213078800000001, 0.82598588, 0.8234978, 0.82667821, 0.82981811, 0.82479822, 0.82486222], "test_auroc_de": [0.62016379, 0.66729391, 0.70232286, 0.7245487500000001, 0.75575189, 0.7441026599999999, 0.78458765, 0.7936487, 0.79831177, 0.80987522, 0.80559816, 0.8169916700000001, 0.8062552500000001, 0.82057519, 0.8227688299999999, 0.82159625, 0.82643436, 0.8268342900000001, 0.8244712700000001, 0.8226717000000001], "test_eval_steps": [391, 782, 1173, 1564, 1955, 2346, 2737, 3128, 3519, 3910, 4301, 4692, 5083, 5474, 5865, 6256, 6647, 7038, 7429, 7820]}