{"test_loss": [161.20155334472656, 141.3436865504784, 132.4552818008616, 120.44305294374877, 111.61978168728986, 104.17403749876385, 103.58666576916659, 98.65899677518048, 92.83609539949441, 94.88323820089992, 87.65325782872453, 85.62066399296627, 91.48713152921653, 86.8386135825628, 83.2937167203879, 83.85095509396324, 86.39285041712508, 88.14333237273783, 86.20518696459034, 88.66887481303155], "test_accuracy": [0.3900316455696203, 0.4676621835443038, 0.5152294303797469, 0.5651700949367089, 0.6026503164556962, 0.6340981012658228, 0.6424050632911392, 0.6610957278481012, 0.6896756329113924, 0.6804786392405063, 0.7075751582278481, 0.7250791139240507, 0.7047072784810127, 0.7230023734177216, 0.7333860759493671, 0.7383306962025317, 0.7333860759493671, 0.7300237341772152, 0.7417919303797469, 0.7418908227848101], "test_id_precision": [73.8979444865939, 84.99511129644853, 111.73119064524204, 113.78510873528975, 119.56791310370723, 162.2419703036924, 191.35014372234102, 154.3557161741619, 181.7761318351649, 202.94045074076593, 197.07656744462025, 200.0514010658747, 214.77359568921827, 183.13173878343798, 173.6666280046294, 238.65237446072734, 206.1855299744425, 265.3907254375989, 204.38795142837716, 244.58211372472064], "test_ood_precision": [58.80909260617027, 57.81029790564428, 62.86361771595629, 51.1294586085066, 48.41818106928958, 54.71779463562784, 53.135563138165054, 44.764563355264784, 46.67966813678983, 47.919120112551916, 48.858784784244584, 44.43241022810151, 50.19175024877621, 46.85124356233621, 39.274296676056295, 49.80559945408302, 42.57728624947463, 48.08321776571153, 43.273699168917496, 45.60547683812395], "test_auroc_mi": [0.60868963, 0.65351381, 0.6797767299999999, 0.72532179, 0.7543738600000001, 0.7634605400000001, 0.7779249, 0.78671904, 0.8017975599999999, 0.80774843, 0.8124931, 0.8161250099999999, 0.80354281, 0.80305362, 0.82632476, 0.81694563, 0.82400137, 0.8241511600000001, 0.82131694, 0.81790789], "test_auroc_de": [0.61496833, 0.66248557, 0.68365282, 0.72628405, 0.7495569099999999, 0.76290402, 0.77315704, 0.78159673, 0.80049053, 0.80388337, 0.81063049, 0.81011398, 0.80084308, 0.80388847, 0.8240383500000001, 0.81742241, 0.82166219, 0.82270421, 0.8192341599999999, 0.81668919], "test_eval_steps": [391, 782, 1173, 1564, 1955, 2346, 2737, 3128, 3519, 3910, 4301, 4692, 5083, 5474, 5865, 6256, 6647, 7038, 7429, 7820]}