{"test_loss": [162.1258680126335, 144.975174529643, 126.08088278468651, 117.95639144318014, 111.61618206169032, 101.37159197843528, 94.1574093782449, 89.01099955884716, 84.66532994523833, 83.9531701969195, 77.57618230505835, 76.48417026181764, 71.67419114897523, 71.84258347523364, 70.83353902116606, 73.83700831932357, 70.24006010610846, 72.36440557165992, 75.89016004151935, 74.07843152782586], "test_accuracy": [0.3505735759493671, 0.41782041139240506, 0.5087025316455697, 0.5498417721518988, 0.5707080696202531, 0.6186708860759493, 0.6546677215189873, 0.6689082278481012, 0.6869066455696202, 0.6903678797468354, 0.7142009493670886, 0.7236946202531646, 0.7417919303797469, 0.7361550632911392, 0.7478243670886076, 0.7400118670886076, 0.7490110759493671, 0.7466376582278481, 0.7420886075949367, 0.7517800632911392], "test_id_precision": [131.1678001307234, 199.14396387414087, 208.46141139163245, 199.3548665107051, 193.10537410687797, 314.00481173358384, 336.6406852625593, 312.37985615790643, 295.4554854767232, 273.1521677910527, 243.35207028932209, 236.64919483812548, 310.5348786945585, 223.19365064403678, 247.55104412610018, 324.8671509947958, 211.81919262077236, 257.25256579435325, 327.00167363806617, 281.06498486482644], "test_ood_precision": [23.577879000313676, 21.34711144845697, 19.216416395163233, 16.87370033505597, 14.369236282155484, 14.635044315193273, 14.444790103767492, 13.338736594477787, 12.001886404013332, 12.282469580445108, 12.817115433608429, 11.176037571098231, 11.685510768166072, 11.837257131745544, 11.385025664220882, 12.235708007329627, 11.24546448188492, 10.426858165596105, 10.824363599849653, 11.194128338294693], "test_auroc_mi": [0.96649096, 0.97979691, 0.99162713, 0.99502514, 0.99632613, 0.9971843100000002, 0.99680151, 0.99704781, 0.99832239, 0.9977882499999999, 0.99641019, 0.99852722, 0.99790384, 0.9973452600000002, 0.99816504, 0.99727817, 0.9977971800000001, 0.99887869, 0.99812791, 0.9976555999999999], "test_auroc_de": [0.9550484699999999, 0.9750643600000001, 0.98850207, 0.99228289, 0.9953899900000001, 0.99641738, 0.99590021, 0.9962727, 0.99784476, 0.99723747, 0.9955019900000001, 0.99811334, 0.9975202999999999, 0.99708532, 0.99771841, 0.9969490999999999, 0.9975495400000001, 0.9987363100000001, 0.9978678, 0.99745796], "test_eval_steps": [391, 782, 1173, 1564, 1955, 2346, 2737, 3128, 3519, 3910, 4301, 4692, 5083, 5474, 5865, 6256, 6647, 7038, 7429, 7820]}