{"test_loss": [167.56264756601067, 146.85374025755291, 131.0276829200455, 123.29058383989938, 113.98411898069745, 108.11561111257046, 103.56830297542524, 99.05915600740457, 93.99270456048507, 89.84550910659983, 90.82382617419279, 85.40230183661738, 84.56128296671035, 82.5748506859888, 80.55375174027455, 83.19148814527294, 84.42544531520409, 82.9782674282412, 83.4364088034328, 86.32847112341773], "test_accuracy": [0.3564082278481013, 0.45124604430379744, 0.5174050632911392, 0.5495450949367089, 0.5934533227848101, 0.6160996835443038, 0.6327136075949367, 0.6583267405063291, 0.6798852848101266, 0.6939280063291139, 0.6980814873417721, 0.7176621835443038, 0.725870253164557, 0.728935917721519, 0.7432753164556962, 0.7368473101265823, 0.7340783227848101, 0.7410007911392406, 0.739121835443038, 0.7357594936708861], "test_id_precision": [75.20526982560942, 82.37658657605135, 103.29362526422814, 100.60846985442728, 108.84459947030756, 117.73991432672814, 141.8830128923247, 153.60262704197365, 190.16064028196698, 128.27324425419675, 201.96544830708564, 162.95031651364098, 216.6469848246514, 176.84979064555108, 177.83486754984796, 246.2099190241174, 244.10525522352773, 174.53959288778185, 172.02967023245895, 193.47660644144952], "test_ood_precision": [63.07446969913531, 53.4086024127429, 56.43479030947142, 48.374799366238754, 49.370649120475676, 50.40203374548803, 50.472096889833864, 46.59030445919761, 51.807784358157384, 45.269301402417916, 55.889820774899256, 43.052005140087275, 53.281935534899745, 40.273243216019644, 43.4721626088589, 47.79636165763758, 47.0987029739573, 38.43615628496001, 37.525283209885224, 41.882593227338184], "test_auroc_mi": [0.58279496, 0.67162009, 0.7004403, 0.7270051200000001, 0.74241583, 0.7528956200000001, 0.77022748, 0.7853435900000001, 0.7868280000000001, 0.79120831, 0.79302045, 0.81269366, 0.807735, 0.82545044, 0.81627464, 0.82344854, 0.81968197, 0.8269447500000001, 0.82859103, 0.8148841199999999], "test_auroc_de": [0.58653092, 0.67329957, 0.70172569, 0.72592679, 0.73885551, 0.7509576, 0.76812341, 0.7808887199999999, 0.7834745399999999, 0.79424149, 0.79405295, 0.81131434, 0.80772404, 0.8212845499999999, 0.81731969, 0.8210507799999999, 0.8183514900000002, 0.82447611, 0.8264507600000001, 0.8139486499999999], "test_eval_steps": [391, 782, 1173, 1564, 1955, 2346, 2737, 3128, 3519, 3910, 4301, 4692, 5083, 5474, 5865, 6256, 6647, 7038, 7429, 7820]}