{"test_loss": [166.93211326116247, 143.97219520279123, 130.91316300404222, 121.84094412115556, 115.71290530434138, 114.05633235883109, 97.92817987369585, 92.57929789869091, 95.97109270699417, 88.04999725728095, 85.11055948764464, 85.82983746106112, 84.75953452194793, 85.90729078461852, 84.0416941582402, 80.37232889102984, 81.56701882277864, 80.38572818418092, 83.959088289285, 85.38277961634383], "test_accuracy": [0.34839794303797467, 0.46439873417721517, 0.5141416139240507, 0.5590387658227848, 0.5789161392405063, 0.5911787974683544, 0.6546677215189873, 0.6830498417721519, 0.672567246835443, 0.7013449367088608, 0.7172666139240507, 0.7185522151898734, 0.7202333860759493, 0.7199367088607594, 0.7279469936708861, 0.7407041139240507, 0.736748417721519, 0.7511867088607594, 0.7456487341772152, 0.7459454113924051], "test_id_precision": [68.53101822092563, 87.75588400152665, 110.23743593240086, 125.80853812302215, 115.60864199867731, 143.0025905174545, 122.31613603422913, 155.74770075158227, 162.77798317052142, 170.54099997991247, 201.4252856290793, 239.61181061177314, 150.8279361000544, 190.76891404163987, 198.5272116359276, 165.66259591790694, 182.18087005615234, 169.7885647544378, 234.08711319935472, 227.5677584877497], "test_ood_precision": [54.235606616056415, 52.213271515278876, 55.469044021413296, 54.27968428406534, 45.1924482418012, 53.527277644676495, 44.11097413075121, 46.60581685319732, 50.110655820822416, 43.47969673253313, 45.05357215977922, 54.37239630011064, 35.40204866626595, 43.14691886418982, 43.581753211685374, 36.29053050656862, 40.15138131153734, 38.65175585203533, 45.04754660401163, 42.85921468614023], "test_auroc_mi": [0.61027767, 0.68074129, 0.71250776, 0.73844619, 0.7593162099999999, 0.76400421, 0.78473711, 0.79877435, 0.78021253, 0.807939, 0.8178462400000001, 0.81355766, 0.82469175, 0.82392967, 0.81355679, 0.82979341, 0.82420379, 0.82294255, 0.8223170199999998, 0.82132142], "test_auroc_de": [0.6158817000000001, 0.6822183799999999, 0.71002254, 0.73496967, 0.75530326, 0.7616910299999999, 0.7835651499999999, 0.79898987, 0.77923014, 0.8043050799999999, 0.8132619400000002, 0.81271256, 0.81897645, 0.8207520100000001, 0.81057617, 0.8255396900000002, 0.82424013, 0.8221298600000001, 0.82192984, 0.8188090799999999], "test_eval_steps": [391, 782, 1173, 1564, 1955, 2346, 2737, 3128, 3519, 3910, 4301, 4692, 5083, 5474, 5865, 6256, 6647, 7038, 7429, 7820]}