{"test_loss": [158.25737598274327, 140.2629300853874, 125.13544473768789, 116.1696169889426, 104.7743398931962, 107.05643733543685, 94.63240736949292, 96.70566723014736, 91.77642435967168, 90.23412535462198, 87.2928520878659, 81.62104594556591, 82.8250233131119, 83.85445597201964, 85.88870316517504, 90.38617155823526, 85.09559167789507, 84.48394553269011, 88.40342519253115, 86.05502174474016], "test_accuracy": [0.3661985759493671, 0.43730221518987344, 0.5100870253164557, 0.5453916139240507, 0.5953322784810127, 0.5946400316455697, 0.6364715189873418, 0.6313291139240507, 0.6567444620253164, 0.6640625, 0.6737539556962026, 0.7010482594936709, 0.6999604430379747, 0.7010482594936709, 0.705498417721519, 0.6911590189873418, 0.7111352848101266, 0.7203322784810127, 0.7121242088607594, 0.7183544303797469], "test_id_precision": [157.58345997484423, 139.95208392565763, 123.63683579843256, 155.41849488849883, 212.7067998572241, 254.87993979152245, 219.46670145928104, 228.8966784899748, 221.51081133492386, 277.38099940819075, 291.806868734239, 276.1330222600623, 308.16249374196497, 360.7911013832575, 387.44094462334357, 412.65636164025415, 379.24372091172614, 427.67554483534417, 325.8614778156522, 246.20570180385928], "test_ood_precision": [13.861992172048062, 12.329067845887776, 11.761652777466592, 11.57293873798998, 11.258403029622912, 11.31989442849461, 10.964644951156423, 10.902504075931597, 10.757592225376564, 10.598890884013116, 10.619859948942933, 10.522627407991433, 10.454726979702334, 10.35072669500037, 10.23903427848333, 10.238388266744494, 10.219181193581111, 10.151923252057426, 10.097833705853812, 10.081453456154353], "test_auroc_mi": [1.0, 1.0, 1.0, 1.0, 1.0, 1.0, 1.0, 1.0, 1.0, 1.0, 1.0, 1.0, 1.0, 1.0, 1.0, 1.0, 1.0, 1.0, 1.0, 1.0], "test_auroc_de": [1.0, 1.0, 1.0, 1.0, 1.0, 1.0, 1.0, 1.0, 1.0, 1.0, 1.0, 1.0, 1.0, 1.0, 1.0, 1.0, 1.0, 1.0, 1.0, 1.0], "test_eval_steps": [391, 782, 1173, 1564, 1955, 2346, 2737, 3128, 3519, 3910, 4301, 4692, 5083, 5474, 5865, 6256, 6647, 7038, 7429, 7820]}