{"test_loss": [166.15409001217614, 143.90470982805084, 137.42630709877497, 117.21975312051894, 108.8509028953842, 103.45564665975449, 99.54233802119388, 100.84786475459232, 92.75458333462099, 88.61761860907832, 91.69359757628622, 91.30280159093157, 86.72123737576642, 84.28938138937649, 86.11694306965116, 82.23553085327148, 81.73969167395484, 86.41035268276552, 89.56183402145965, 87.88742572446412], "test_accuracy": [0.34839794303797467, 0.43255537974683544, 0.4540150316455696, 0.5447982594936709, 0.5792128164556962, 0.6055181962025317, 0.6228243670886076, 0.621934335443038, 0.6472507911392406, 0.6610957278481012, 0.6673259493670886, 0.6683148734177216, 0.685126582278481, 0.7071795886075949, 0.6989715189873418, 0.7203322784810127, 0.7057950949367089, 0.7023338607594937, 0.7011471518987342, 0.7110363924050633], "test_id_precision": [148.48328283768666, 127.01313424412209, 200.61289553099041, 196.21694424786145, 147.458461037165, 171.42608652235586, 192.27131401738035, 340.12257501143444, 200.44877383075183, 177.14541838440715, 330.26120400730565, 443.5473936056789, 306.63886154754255, 433.9120431248146, 290.2597325964819, 365.6653623943087, 209.12627710269976, 318.8622701137881, 387.1275518876088, 397.4650137213212], "test_ood_precision": [13.214483285252053, 12.306564451772955, 12.15585754491106, 11.689704762229436, 11.334283044066611, 11.1334646683705, 10.998336188400849, 10.86974352824537, 10.627661874022666, 10.618030656742144, 10.55339793917499, 10.530781745910645, 10.371674706664267, 10.341716718070115, 10.285601688336723, 10.248592292206197, 10.163940453831154, 10.154249179212353, 10.104645065114468, 10.116184958928748], "test_auroc_mi": [1.0, 1.0, 1.0, 1.0, 1.0, 1.0, 1.0, 1.0, 1.0, 1.0, 1.0, 1.0, 1.0, 1.0, 1.0, 1.0, 1.0, 1.0, 1.0, 1.0], "test_auroc_de": [1.0, 1.0, 1.0, 1.0, 1.0, 1.0, 1.0, 1.0, 1.0, 1.0, 1.0, 1.0, 1.0, 1.0, 1.0, 1.0, 1.0, 1.0, 1.0, 1.0], "test_eval_steps": [391, 782, 1173, 1564, 1955, 2346, 2737, 3128, 3519, 3910, 4301, 4692, 5083, 5474, 5865, 6256, 6647, 7038, 7429, 7820]}