{"test_loss": [156.51358321950406, 136.55553494224066, 124.39544281778457, 114.3518342609647, 106.31121642680108, 103.15039526058149, 96.07028632827952, 90.82953508594368, 88.81551428686214, 86.06661504431617, 95.96164510219911, 82.181333131428, 82.74316667001459, 78.90633459936214, 84.43658765961852, 79.65341857717007, 83.28781577001644, 81.42516925666905, 83.08653684205646, 86.21815925308421], "test_accuracy": [0.37094541139240506, 0.4521360759493671, 0.5031645569620253, 0.5500395569620253, 0.5881131329113924, 0.6034414556962026, 0.6298457278481012, 0.6619857594936709, 0.6652492088607594, 0.6798852848101266, 0.6476463607594937, 0.6991693037974683, 0.7037183544303798, 0.7214200949367089, 0.6989715189873418, 0.7138053797468354, 0.7120253164556962, 0.7160799050632911, 0.7225079113924051, 0.7112341772151899], "test_id_precision": [127.44677560540694, 163.5498079710369, 233.8766106714176, 212.96077274370796, 181.85560685169847, 234.21923808810078, 197.00564034377473, 269.4759963796109, 253.37279964398735, 322.24231864832626, 298.25434817543515, 228.14223258102996, 388.46954963780655, 355.33339681504646, 344.32650119443485, 266.1010230342044, 353.39195734337915, 254.67148367966277, 371.92426464225673, 318.65367937691605], "test_ood_precision": [13.451683225510996, 12.611353729344621, 12.070205555686467, 11.694152059434336, 11.52135229714309, 11.404729927642435, 11.188919622686845, 11.099491783335239, 10.91059030460406, 10.777197185950943, 10.709181085417542, 10.584034074710894, 10.641210121444509, 10.575021743774414, 10.407649535167065, 10.3132878919191, 10.30209818972817, 10.254779151723355, 10.187824659709689, 10.215476736237731], "test_auroc_mi": [1.0, 1.0, 1.0, 1.0, 1.0, 1.0, 1.0, 1.0, 1.0, 1.0, 1.0, 1.0, 1.0, 1.0, 1.0, 1.0, 1.0, 1.0, 1.0, 1.0], "test_auroc_de": [1.0, 1.0, 1.0, 1.0, 1.0, 1.0, 1.0, 1.0, 1.0, 1.0, 1.0, 1.0, 1.0, 1.0, 1.0, 1.0, 1.0, 1.0, 1.0, 1.0], "test_eval_steps": [391, 782, 1173, 1564, 1955, 2346, 2737, 3128, 3519, 3910, 4301, 4692, 5083, 5474, 5865, 6256, 6647, 7038, 7429, 7820]}