{"test_loss": [161.93964086605024, 141.29091924353492, 127.09265127061289, 110.29266222217414, 103.64427822451049, 102.18907155869883, 94.10641981680182, 88.11377117301845, 83.7453363152999, 82.25728008415126, 79.79288279859325, 79.15976188756242, 72.82571782945078, 87.19490611402294, 69.39432656010494, 72.18507771552363, 72.85733466812327, 72.96236028550547, 73.93303318265119, 77.45596979841402], "test_accuracy": [0.34879351265822783, 0.4338409810126582, 0.5056368670886076, 0.5759493670886076, 0.6067049050632911, 0.6115506329113924, 0.6439873417721519, 0.6673259493670886, 0.6834454113924051, 0.6975870253164557, 0.7094541139240507, 0.7119264240506329, 0.7375395569620253, 0.704806170886076, 0.7477254746835443, 0.7453520569620253, 0.7502966772151899, 0.7564280063291139, 0.7537579113924051, 0.7485166139240507], "test_id_precision": [137.50962221169775, 188.76472009586382, 183.997676028481, 243.46469521824318, 312.16294938099537, 269.9078726466698, 218.8626882818681, 197.98764675478392, 265.49453754666484, 402.6523734949812, 270.18104842946497, 322.67624616019333, 317.5814081505884, 451.94611522819423, 218.50447913061214, 285.5608083990556, 297.9245178608955, 359.6600631520718, 295.30936171133305, 377.9376997163024], "test_ood_precision": [24.991054438337496, 21.003683114353613, 17.67066110538531, 16.72115910204151, 15.208871575850475, 14.47577521167224, 13.577697307248659, 12.803737555878072, 12.512618245957773, 12.910348469697976, 11.428291839889333, 11.920128605033778, 11.811227460450764, 12.048135757446289, 10.732970925826061, 11.179567844052858, 11.26674382897872, 11.20004435430599, 11.182668420332897, 10.57798660857768], "test_auroc_mi": [0.96379386, 0.9783690199999999, 0.99177052, 0.9960749700000001, 0.9976579300000001, 0.9972200800000001, 0.99810447, 0.99816233, 0.99824451, 0.99787465, 0.9985868800000001, 0.9977763700000001, 0.99826672, 0.99816634, 0.9988543599999999, 0.9983994500000001, 0.99834668, 0.9980143300000001, 0.99778977, 0.99902411], "test_auroc_de": [0.9464292, 0.9701728199999999, 0.98965658, 0.9944723999999999, 0.9968610999999999, 0.9962688, 0.99753522, 0.99771927, 0.9979435700000001, 0.99759918, 0.9983031200000001, 0.9974067600000001, 0.9979468, 0.99803618, 0.9987039600000001, 0.9981865900000001, 0.99818082, 0.99790337, 0.9976378800000001, 0.99896043], "test_eval_steps": [391, 782, 1173, 1564, 1955, 2346, 2737, 3128, 3519, 3910, 4301, 4692, 5083, 5474, 5865, 6256, 6647, 7038, 7429, 7820]}