{"test_loss": [173.97323260729826, 148.21152448050583, 124.13913446740258, 113.87362323229826, 105.6202911183804, 97.1071218176733, 93.68197805670243, 85.62058166310757, 85.25438419776627, 83.62263894382912, 77.64471256883839, 78.28819072095654, 76.6445622987385, 78.85072809533227, 70.89964115770557, 79.93810861321944, 75.69578977174396, 79.02163054067877, 76.76722712456426, 77.76220616207847], "test_accuracy": [0.2845134493670886, 0.41248022151898733, 0.528876582278481, 0.5684335443037974, 0.5917721518987342, 0.6333069620253164, 0.6502175632911392, 0.6778085443037974, 0.6870055379746836, 0.6879944620253164, 0.7152887658227848, 0.7155854430379747, 0.724189082278481, 0.7197389240506329, 0.7502966772151899, 0.720431170886076, 0.7424841772151899, 0.7283425632911392, 0.7468354430379747, 0.7390229430379747], "test_id_precision": [103.91045862511743, 288.58244632769237, 176.61069024967242, 276.5533970700035, 162.8303237142442, 182.99865877175634, 253.13886251328867, 235.50046548964102, 307.6980426643468, 217.6354489869709, 314.29694221593155, 310.44450320473203, 333.70622176158275, 419.7153131026256, 291.2071088959899, 293.7826273471494, 314.2713341049001, 404.98924120166635, 403.31574954262265, 257.397996540311], "test_ood_precision": [26.18496156040626, 23.865028091623813, 16.663667087313495, 15.68286008472684, 13.886582483219195, 12.042496572566938, 14.211731319186054, 12.385746122915533, 11.6369085915481, 11.078367015983485, 11.236206368554997, 11.453637569765501, 11.224594454222087, 11.445854428448255, 11.723097777064842, 11.009955961492997, 10.867226733437068, 11.519296151173267, 10.703705099564564, 10.604912419862385], "test_auroc_mi": [0.95572161, 0.9788925900000001, 0.9921273199999998, 0.99689869, 0.9974883, 0.9988526899999999, 0.9970456699999999, 0.99786875, 0.9987969, 0.99879912, 0.9989978500000001, 0.99862217, 0.99847936, 0.99836994, 0.9979098299999999, 0.99804147, 0.9984824099999998, 0.9976510200000002, 0.99861846, 0.9984089], "test_auroc_de": [0.93713077, 0.9725776299999999, 0.99044326, 0.9959401200000001, 0.9962422299999999, 0.9986168800000002, 0.99589545, 0.9973283999999999, 0.99838018, 0.99851919, 0.99871055, 0.99829062, 0.99811407, 0.99799817, 0.99747564, 0.9976806800000002, 0.9982033299999999, 0.9974438299999999, 0.9984264500000001, 0.9981525400000001], "test_eval_steps": [391, 782, 1173, 1564, 1955, 2346, 2737, 3128, 3519, 3910, 4301, 4692, 5083, 5474, 5865, 6256, 6647, 7038, 7429, 7820]}