{"test_loss": [159.8973110536986, 140.56256190432777, 126.4647958489913, 112.2867458681517, 110.49416795561585, 97.56017564218256, 96.7535332788395, 90.25479135634023, 89.29321327692345, 82.03144908856741, 82.20462475547308, 79.10768035695523, 76.3527845551696, 77.17584696902505, 73.7451441801047, 72.27283888225314, 77.59516071367868, 78.91073434564132, 73.06613854516911, 74.63884701306307], "test_accuracy": [0.36253955696202533, 0.4534216772151899, 0.5018789556962026, 0.5668512658227848, 0.5795094936708861, 0.6285601265822784, 0.6336036392405063, 0.6539754746835443, 0.6710838607594937, 0.6973892405063291, 0.6970925632911392, 0.718057753164557, 0.7217167721518988, 0.7279469936708861, 0.7404074367088608, 0.7475276898734177, 0.7280458860759493, 0.739121835443038, 0.7496044303797469, 0.749307753164557], "test_id_precision": [141.7018308035935, 194.74881811986995, 162.10683653626262, 188.9286800336234, 156.19350665128684, 209.42403421522695, 214.14569381520718, 216.52160084398486, 345.0390091908129, 273.2908444947834, 252.47402374653876, 302.4609328644185, 249.27410289909267, 370.1755973719343, 295.51472531089297, 279.85779330096665, 337.38308754450156, 417.17490493194964, 263.32777868343305, 273.75385641749904], "test_ood_precision": [23.516456942015058, 19.16500999354109, 16.592260578010656, 16.04570123213756, 14.430686950683594, 13.013310504865043, 12.474546323848676, 12.425759086126014, 13.262313396115847, 12.560442683062975, 11.756515563288822, 11.424611658989628, 11.01371708399133, 11.779546001289464, 11.0328278119051, 11.165773198574405, 11.62888774388953, 10.690893535372577, 11.18572320817392, 10.747675811188131], "test_auroc_mi": [0.96463101, 0.98500827, 0.9931298599999999, 0.99520208, 0.9964211, 0.9980660899999999, 0.99819454, 0.99806959, 0.99749835, 0.99749885, 0.9985032399999999, 0.99863387, 0.99859589, 0.9983233, 0.99870886, 0.9980921, 0.9972784899999999, 0.99905976, 0.99770109, 0.99822586], "test_auroc_de": [0.9491891100000001, 0.9792398, 0.9908260600000001, 0.9933645200000001, 0.9948962700000001, 0.99759435, 0.9977804499999999, 0.9975532500000001, 0.9970421399999999, 0.9968285200000001, 0.9982628899999999, 0.9983700899999999, 0.9983824000000001, 0.99815298, 0.9984843600000001, 0.9978566600000001, 0.9969816600000001, 0.9989743200000001, 0.9975450000000001, 0.9981476199999999], "test_eval_steps": [391, 782, 1173, 1564, 1955, 2346, 2737, 3128, 3519, 3910, 4301, 4692, 5083, 5474, 5865, 6256, 6647, 7038, 7429, 7820]}