{"test_loss": [170.97219211240358, 142.5596922862379, 129.9242348007009, 119.55764973314503, 110.29193395300757, 105.07642963264561, 98.29145851618127, 95.25135194802586, 98.96866298627249, 89.51156954222088, 92.39265876480296, 83.49908244458935, 87.98501442052141, 82.53899373887461, 81.57570271552363, 84.72635418855691, 83.56782227528247, 85.45783262614962, 86.43173053596593, 88.56771106961408], "test_accuracy": [0.330498417721519, 0.4653876582278481, 0.5287776898734177, 0.5640822784810127, 0.6037381329113924, 0.6331091772151899, 0.6574367088607594, 0.6707871835443038, 0.660996835443038, 0.6977848101265823, 0.6879944620253164, 0.7222112341772152, 0.7181566455696202, 0.7278481012658228, 0.7388251582278481, 0.7359572784810127, 0.7407041139240507, 0.7387262658227848, 0.7368473101265823, 0.7319026898734177], "test_id_precision": [90.23292213150218, 87.54319116133678, 108.56130334395397, 116.25392015674446, 139.3796783640415, 150.90966961051845, 170.64149533042425, 153.70074742957007, 169.02098141440862, 203.03482615796827, 178.17378186575974, 170.58196741417993, 191.14824570281596, 184.50594455380983, 181.87033853651602, 224.20197692098498, 184.84922993334033, 229.90667106531842, 203.8278140297419, 230.3541941582402], "test_ood_precision": [65.45274975933606, 61.778871946696995, 57.715516054177584, 57.180548559261275, 51.85505164424075, 53.73364320585999, 52.00470284570621, 44.927229193192495, 49.27333353742768, 43.110347747802734, 44.10306370409229, 42.59020788458329, 45.5891416525539, 44.70920451683334, 42.16869614999506, 46.85838771771781, 42.24500873420812, 51.23239213001879, 43.387434367892105, 48.21739003628115], "test_auroc_mi": [0.60822034, 0.65111819, 0.70522898, 0.71563822, 0.75036982, 0.75380375, 0.78147817, 0.7896821199999998, 0.78256355, 0.8074409300000001, 0.80428211, 0.81691776, 0.80299714, 0.81723913, 0.81804315, 0.82107849, 0.81283147, 0.80977361, 0.8225926200000001, 0.8121267999999999], "test_auroc_de": [0.6124252699999999, 0.6578934599999999, 0.70702134, 0.71923998, 0.74790706, 0.7547904400000001, 0.7783063899999998, 0.7855353499999999, 0.77907214, 0.80385173, 0.8016454000000001, 0.81294552, 0.8049648900000002, 0.8166207099999999, 0.8171961800000002, 0.8190995600000001, 0.8130729800000001, 0.8102603999999999, 0.8214095400000001, 0.8114233599999999], "test_eval_steps": [391, 782, 1173, 1564, 1955, 2346, 2737, 3128, 3519, 3910, 4301, 4692, 5083, 5474, 5865, 6256, 6647, 7038, 7429, 7820]}