{"test_loss": [171.4125443470629, 142.64736783957179, 131.9574157135396, 113.56315612792969, 109.30463370793983, 100.65870154658451, 97.41313750834405, 98.47905962980246, 85.21473080598855, 81.94930136958256, 77.90517193758035, 76.66977744766429, 72.98970659473274, 77.03352447702915, 73.95857634725449, 72.4065838101544, 71.44588494602638, 76.24950177156472, 72.51971788044217, 75.39734876608547], "test_accuracy": [0.30122626582278483, 0.4329509493670886, 0.487440664556962, 0.5690268987341772, 0.5785205696202531, 0.6220332278481012, 0.6361748417721519, 0.6405261075949367, 0.6884889240506329, 0.6992681962025317, 0.7121242088607594, 0.7225079113924051, 0.7361550632911392, 0.7291337025316456, 0.7386273734177216, 0.7420886075949367, 0.7472310126582279, 0.7435719936708861, 0.751681170886076, 0.7465387658227848], "test_id_precision": [223.57844852495796, 129.30916131900835, 228.2095414173754, 245.75537148004847, 189.02135535131526, 158.04127483126484, 273.3216349927685, 213.73219878764093, 281.0391973181616, 302.09926132008997, 226.53105086314528, 347.5563794872429, 196.8886259054836, 389.5607021669798, 324.07689657090583, 277.040102415447, 246.2504328474214, 309.47281868850126, 314.569724553748, 174.16601272776157], "test_ood_precision": [26.019105597387387, 20.980228086061114, 18.133510034295576, 17.697476833681517, 14.743609742273259, 14.113928094694886, 15.276577152783357, 13.254837712155112, 15.548492516143412, 13.44776759570158, 11.511774099325832, 13.164964687975147, 12.123400289801102, 11.40753463551968, 11.394627957404415, 11.185281427600716, 11.273581142666973, 11.29040625125547, 11.400440855871272, 10.495021264764327], "test_auroc_mi": [0.96694657, 0.97660179, 0.98890874, 0.99301344, 0.9954173800000001, 0.9963575499999999, 0.9949391999999999, 0.99662056, 0.9942006400000001, 0.99677246, 0.99840908, 0.99661185, 0.9967352300000002, 0.9986644900000001, 0.99823421, 0.9980097900000001, 0.9979375499999998, 0.99821667, 0.99769369, 0.9987846200000001], "test_auroc_de": [0.95384108, 0.97157449, 0.9855959899999999, 0.9904936, 0.99441143, 0.9956264100000001, 0.9937321199999999, 0.9960174699999998, 0.9931108799999999, 0.9962663, 0.9981871999999999, 0.9962157399999999, 0.9963239800000001, 0.99855868, 0.9981496200000001, 0.9978115699999999, 0.99788388, 0.99815525, 0.9975719900000001, 0.99870339], "test_eval_steps": [391, 782, 1173, 1564, 1955, 2346, 2737, 3128, 3519, 3910, 4301, 4692, 5083, 5474, 5865, 6256, 6647, 7038, 7429, 7820]}