{"test_loss": [161.7182514818409, 145.21034115175658, 131.07503557808792, 118.45525562914112, 109.23787215993374, 106.40720647498023, 99.40725244449663, 91.80479914025415, 93.32555032078224, 89.83345929882195, 89.26291975190368, 93.5793160547184, 81.7361331408537, 85.96060842200171, 80.61037073256094, 82.61901483656484, 85.15479312365568, 86.21528446825245, 83.25842710084552, 87.90162566945523], "test_accuracy": [0.3557159810126582, 0.419501582278481, 0.48249604430379744, 0.5363924050632911, 0.5737737341772152, 0.5936511075949367, 0.6176819620253164, 0.6506131329113924, 0.6497231012658228, 0.6610957278481012, 0.6776107594936709, 0.6546677215189873, 0.6965981012658228, 0.6910601265822784, 0.7063884493670886, 0.7107397151898734, 0.7045094936708861, 0.7125197784810127, 0.7171677215189873, 0.7104430379746836], "test_id_precision": [128.53186131730865, 141.11425134200084, 166.47363648233534, 207.1892771660527, 148.71747338017332, 266.6443634033203, 194.068743741965, 228.348415712767, 272.0213937880118, 253.74831767021854, 328.05024931702434, 294.6913602804836, 233.35984048964102, 301.8299357740185, 258.3471140801152, 327.46135682697536, 337.06032456023786, 416.8404855848868, 286.22653120982494, 281.7461572960962], "test_ood_precision": [13.732886905911602, 12.597178845465939, 12.015574262112002, 11.707114895687827, 11.309934616088867, 11.226109239119518, 10.901768913751916, 10.732527225832396, 10.750938886328589, 10.534895655475085, 10.449701586856118, 10.481292917758603, 10.278829960883419, 10.300933391233034, 10.223282379440114, 10.192719037019753, 10.089425207693365, 10.073181574857689, 10.06468606296974, 10.078044118760507], "test_auroc_mi": [1.0, 1.0, 1.0, 1.0, 1.0, 1.0, 1.0, 1.0, 1.0, 1.0, 1.0, 1.0, 1.0, 1.0, 1.0, 1.0, 1.0, 1.0, 1.0, 1.0], "test_auroc_de": [0.99999987, 1.0, 1.0, 1.0, 1.0, 1.0, 1.0, 1.0, 1.0, 1.0, 1.0, 1.0, 1.0, 1.0, 1.0, 1.0, 1.0, 1.0, 1.0, 1.0], "test_eval_steps": [391, 782, 1173, 1564, 1955, 2346, 2737, 3128, 3519, 3910, 4301, 4692, 5083, 5474, 5865, 6256, 6647, 7038, 7429, 7820]}