{"test_loss": [165.04589129097855, 143.0919094810003, 128.4927019529705, 124.96588607981235, 111.57416650313365, 111.09556666506997, 101.32725061344195, 102.26575885241544, 91.90554374984548, 95.24969105780879, 88.28345856485488, 84.3580793549743, 82.30726469015774, 88.85825309270545, 84.71631289132034, 85.90017738825158, 94.17162661009198, 87.39545141292524, 87.00782259204719, 84.48176376729072], "test_accuracy": [0.36580300632911394, 0.46014636075949367, 0.531942246835443, 0.5491495253164557, 0.6026503164556962, 0.6095727848101266, 0.6487341772151899, 0.6519976265822784, 0.686807753164557, 0.6804786392405063, 0.7037183544303798, 0.7202333860759493, 0.7281447784810127, 0.7130142405063291, 0.7339794303797469, 0.7292325949367089, 0.7043117088607594, 0.7217167721518988, 0.7264636075949367, 0.7440664556962026], "test_id_precision": [81.45772146876854, 94.95537132552907, 100.895681839955, 112.50776739965511, 109.0966790114777, 140.45207349559928, 140.74194384224808, 183.54382633257515, 167.21035583109796, 191.45743203464943, 154.56918586054934, 186.26959952825231, 168.9042191324355, 253.63649489004402, 278.5561936776849, 262.98316820361947, 206.77113921732843, 193.81147119063365, 216.10185067864913, 253.89276953588558], "test_ood_precision": [56.80267372614221, 59.604616817039776, 57.39885199824466, 56.893640494044824, 44.13789000692247, 57.115615265278876, 46.110513035255146, 55.08201405971865, 44.60439991045602, 56.61148612106903, 46.05895397331141, 47.28660902192321, 40.2615346304978, 57.8872374039662, 49.740711501882046, 52.00333742552166, 48.357914840118795, 48.13090490993065, 45.99673840969424, 46.41040872018549], "test_auroc_mi": [0.62492988, 0.67295302, 0.69383608, 0.70815986, 0.7573456300000001, 0.74447122, 0.78203264, 0.76874829, 0.80102305, 0.78626843, 0.79884488, 0.8097663500000001, 0.82300644, 0.8000206299999999, 0.8202324200000001, 0.80733435, 0.80253518, 0.8072056, 0.8069605200000001, 0.8249829900000001], "test_auroc_de": [0.62799746, 0.67551031, 0.69572513, 0.7103079799999998, 0.75253338, 0.74838711, 0.77944762, 0.7650707700000001, 0.7992848100000001, 0.7878393299999998, 0.80014422, 0.8097200400000001, 0.82110462, 0.8001861, 0.81653994, 0.8086386, 0.8003016000000001, 0.8077007499999999, 0.8075315, 0.82395408], "test_eval_steps": [391, 782, 1173, 1564, 1955, 2346, 2737, 3128, 3519, 3910, 4301, 4692, 5083, 5474, 5865, 6256, 6647, 7038, 7429, 7820]}