{"test_loss": [254.85311889648438, 255.15252685546875, 255.54876708984375], "test_accuracy": [0.0, 0.0, 0.0], "test_id_precision": [9.932371139526367, 9.961122512817383, 10.004393577575684], "test_ood_precision": [9.954602241516113, 9.973066329956055, 10.000288963317871], "test_auroc_mi": [0.19999999999999998, 0.24, 0.7200000000000001], "test_auroc_de": [0.8800000000000001, 0.92, 0.92], "test_eval_steps": [1, 2, 3]}