{"test_loss": [253.2154998779297, 253.7005615234375, 254.4529571533203], "test_accuracy": [0.2, 0.2, 0.0], "test_id_precision": [10.089975357055664, 10.114669799804688, 10.147354125976562], "test_ood_precision": [10.074254035949707, 10.094722747802734, 10.122452735900879], "test_auroc_mi": [0.76, 0.76, 0.76], "test_auroc_de": [0.72, 0.72, 0.76], "test_eval_steps": [1, 2, 3]}